name_len,args_count,permissions_count,methods_count,refs_delta,ns
0,0,0,1,0,40.666667
8191,0,0,1,0,112.966667
16382,0,0,1,0,191.366667
24573,0,0,1,0,258.633333
32764,0,0,1,0,327.000000
40955,0,0,1,0,405.700000
49146,0,0,1,0,476.200000
57337,0,0,1,0,567.700000
65528,0,0,1,0,618.233333
0,0,0,1,0,33.900000
0,84,0,1,0,131.433333
0,168,0,1,0,211.566667
0,252,0,1,0,242.500000
0,336,0,1,0,368.166667
0,420,0,1,0,573.100000
0,504,0,1,0,507.800000
0,588,0,1,0,575.400000
0,672,0,1,0,837.200000
0,0,1,1,0,36.866667
0,0,113,1,0,90.700000
0,0,226,1,0,143.366667
0,0,339,1,0,195.400000
0,0,452,1,0,249.000000
0,0,565,1,0,302.500000
0,0,678,1,0,353.133333
0,0,791,1,0,407.600000
0,0,904,1,0,459.900000
0,0,0,1,0,34.166667
0,0,0,42,0,39.700000
0,0,0,84,0,46.166667
0,0,0,126,0,51.433333
0,0,0,168,0,57.600000
0,0,0,210,0,62.066667
0,0,0,252,0,65.933333
0,0,0,294,0,71.833333
0,0,0,336,0,76.333333
0,1,0,1,0,34.600000
0,1,0,1,256,85.833333
0,1,0,1,512,132.733333
0,1,0,1,768,183.866667
0,1,0,1,1024,229.000000
0,1,0,1,1280,277.000000
0,1,0,1,1536,321.733333
0,1,0,1,1792,369.866667
0,1,0,1,2048,420.833333
