script_len,args_count,refs_delta,ns
1,0,0,17.733333
16383,0,0,3111.766667
32766,0,0,6145.500000
49149,0,0,9216.833333
65532,0,0,12289.700000
81915,0,0,15299.733333
98298,0,0,18397.666667
114681,0,0,21435.366667
131064,0,0,24498.066667
1,0,0,18.366667
1,255,255,101.200000
1,511,511,188.533333
1,767,767,276.033333
1,1023,1023,357.766667
1,1279,1279,442.200000
1,1535,1535,524.966667
1,1791,1791,612.266667
1,2047,2047,700.200000
1,1,0,19.400000
1,1,255,67.033333
1,1,511,114.266667
1,1,767,159.633333
1,1,1023,205.400000
1,1,1279,251.433333
1,1,1535,297.533333
1,1,1791,344.933333
1,1,2047,391.166667
