events_count,params_count,items_count,ns
1,0,0,56.800000
237,0,0,65.933333
474,0,0,71.166667
711,0,0,80.133333
948,0,0,87.933333
1185,0,0,99.500000
1422,0,0,103.866667
1659,0,0,107.933333
1896,0,0,116.166667
1,0,0,56.833333
1,127,0,335.233333
1,254,0,516.766667
1,381,0,767.533333
1,508,0,1366.700000
1,635,0,1333.033333
1,762,0,1393.433333
1,889,0,1596.700000
1,1016,0,1714.866667
1,1,2,77.600000
1,1,64,2105.933333
1,1,128,4121.100000
1,1,192,5101.966667
1,1,256,8608.733333
1,1,320,9745.466667
1,1,384,10707.033333
1,1,448,10706.033333
1,1,512,15408.800000
